slug,phrase,count
the-advantages-of-buying-a-home-through-a-fractional-ownersh,nestled in,8
napa-valley-wine-country-estates-fractional-ownership-guide-2026,1/8 share,7
splitting-property-portfolio-across-three-countries,one-eighth share,6
championship-golf-course-homes-co-ownership-investment-guide,1/8 share,5
lake-tahoe-co-ownership-dual-season-property-investment-2026,one-eighth share,5
beach-mountain-or-city-how-to-choose-the-right-co-ownership-property-for-your-lifestyle,whether you,5
buy-ski-property-austria-rules-co-ownership-guide,world-class,5
sotogrande-lifestyle-polo-golf-marina-community-guide,world-class,5
the-advantages-of-buying-a-home-through-a-fractional-ownersh,breathtaking,4
ai-powered-property-management-co-ownership-effortless-2026,one-eighth share,4
ibiza-property-prices-zone-guide-co-ownership-2026,one-eighth share,4
france-property-tax-co-owners-rental-income-capital-gains-2026,one-eighth share,4
menorca-slow-luxury-co-ownership-property-guide,one-eighth share,4
languedoc-coast-co-ownership-property-france-best-value,one-eighth share,4
co-ownership-mainstream-smartest-way-buy-second-home,one-eighth share,4
idle-asset-problem-fractional-ownership-investment-second-homes,whether you,4
holiday-home-boom-fractional-ownership-smartest-property-investment-2026,whether you,4
palm-springs-co-ownership-desert-luxury-guide-2026,whether you,4
the-llc-advantage-how-co-ownership-property-structures-are-built-for-tax-efficient-wealth-planning-in-2026,1/8 share,3
co-ownership-property-due-diligence-checklist-smart-buyers-2026,1/8 share,3
menorca-unesco-co-ownership-property-investment-guide,1/8 share,3
mallorca-co-ownership-property-market-buying-guide-2026,45 days per year,3
the-algarve-golden-triangle-why-portugals-most-exclusive-coast-is-europes-smartest-co-ownership-destination-in-2026,a fraction of the cost,3
luxury-kitchen-co-ownership-property-value,bespoke,3
the-algarve-golden-triangle-why-portugals-most-exclusive-coast-is-europes-smartest-co-ownership-destination-in-2026,one-eighth share,3
10-myths-about-fractional-property-ownership-that-are-holding-you-back-from-your-dream-holiday-home,one-eighth share,3
balearic-islands-property-prices-co-ownership-smart-buyers-guide,one-eighth share,3
europe-inheritance-tax-breaks-co-ownership-pass-property-children,one-eighth share,3
renting-luxury-villa-vs-co-ownership-cost-comparison-2026,one-eighth share,3
paris-left-bank-property-co-ownership-arrondissement-guide-2026,one-eighth share,3
cote-vermeille-co-ownership-property-mediterranean-france,one-eighth share,3
costa-brava-property-prices-town-comparison-co-ownership-2026,one-eighth share,3
cagnes-sur-mer-french-riviera-co-ownership-property-guide-2026,one-eighth share,3
menorca-co-ownership-property-investment-guide-2026,one-eighth share,3
foreign-buyer-property-restrictions-co-ownership-solution-2026,one-eighth share,3
estepona-vs-marbella-property-market-comparison-2026,one-eighth share,3
courchevel-moriond-co-ownership-three-valleys-guide,one-eighth share,3
the-great-wealth-transfer-how-a-new-generation-is-buying-luxury-second-homes-through-co-ownership,whether you,3
wealthy-buyers-choosing-co-ownership-over-second-homes-2026,whether you,3
paris-left-bank-property-co-ownership-arrondissement-guide-2026,whether you,3
co-ownership-property-due-diligence-checklist-smart-buyers-2026,whether you,3
estepona-vs-marbella-property-market-comparison-2026,whether you,3
energy-efficient-passive-house-co-ownership-luxury-property,whether you,3
costa-smeralda-sardinia-co-ownership-destination-2026,world-class,3
napa-valley-wine-country-estates-fractional-ownership-guide-2026,world-class,3
fractional-ownership-french-alps,world-class,3
menorca-slow-luxury-co-ownership-property-guide,world-class,3
the-great-wealth-transfer-how-a-new-generation-is-buying-luxury-second-homes-through-co-ownership,1/8 share,2
second-home-buyers-prefer-co-ownership-2026,1/8 share,2
france-property-tax-co-owners-rental-income-capital-gains-2026,1/8 share,2
begur-spain-smartest-co-ownership-investment-costa-brava-2026,1/8 share,2
co-ownership-mainstream-smartest-way-buy-second-home,1/8 share,2
fractional-ownership-aspen-luxury-alternative-35-million,44 days per year,2
the-algarve-golden-triangle-why-portugals-most-exclusive-coast-is-europes-smartest-co-ownership-destination-in-2026,45 days per year,2
pied-a-terre-lifestyle-remote-work-city-second-home-2026,45 days per year,2
lake-como-village-guide-co-ownership-property-2026,45 days per year,2
cannes-co-ownership-property-french-riviera-hottest-market-2026,45 days per year,2
co-ownership-spain-exclusive-property-hotspots-2026,45 days per year,2
balearic-islands-property-prices-co-ownership-smart-buyers-guide,45 days per year,2
co-own-luxury-paris-apartment-affordable-share-guide,45 days per year,2
paris-left-bank-property-co-ownership-arrondissement-guide-2026,45 days per year,2
cote-vermeille-co-ownership-property-mediterranean-france,45 days per year,2
proptech-co-ownership-second-home-smart-property-technology,45 days per year,2
menorca-co-ownership-property-investment-balearic-islands-2026,45 days per year,2
alpine-property-summer-winter-year-round-investment-value,a fraction of the cost,2
proptech-co-ownership-second-home-smart-property-technology,a fraction of the cost,2
la-plagne-paradiski-family-ski-resort-guide-2026,a fraction of the cost,2
waterfront-co-ownership-property-luxury-shared-investment-2026,co-ownership allows,2
begur-spain-smartest-co-ownership-investment-costa-brava-2026,co-ownership offers,2
lake-como-village-guide-co-ownership-property-2026,fraction of the price,2
british-buyers-co-ownership-european-second-homes-guide,fraction of the price,2
idle-asset-problem-fractional-ownership-investment-second-homes,one-eighth share,2
the-great-wealth-transfer-how-a-new-generation-is-buying-luxury-second-homes-through-co-ownership,one-eighth share,2
holiday-home-boom-fractional-ownership-smartest-property-investment-2026,one-eighth share,2
co-owning-ski-chalet-european-alps-smart-buyers-guide,one-eighth share,2
ibiza-wellness-retreat-yoga-spiritual-lifestyle-guide,one-eighth share,2
luxury-property-co-ownership-membership-model-smart-buyers,one-eighth share,2
co-ownership-spain-exclusive-property-hotspots-2026,one-eighth share,2
costa-de-la-luz-cadiz-co-ownership-property-investment-guide-2026,one-eighth share,2
sotogrande-property-co-ownership-after-golden-visa-ends,one-eighth share,2
mallorca-hidden-gems-secret-coves-southwest-villages-guide,one-eighth share,2
begur-spain-smartest-co-ownership-investment-costa-brava-2026,one-eighth share,2
co-ownership-property-due-diligence-checklist-smart-buyers-2026,one-eighth share,2
buy-property-formentera-co-ownership-guide,one-eighth share,2
uk-second-home-tax-co-ownership-european-property-savings,one-eighth share,2
holiday-rentals-to-fractional-ownership-why-families-switching-2026,split eight ways,2
cannes-co-ownership-property-french-riviera-hottest-market-2026,split eight ways,2
true-cost-luxury-second-home-ownership-smarter-alternative,split eight ways,2
normandy-france-property-co-ownership-coastal-investment-guide-2026,split eight ways,2
foreign-buyer-property-restrictions-co-ownership-solution-2026,split eight ways,2
the-algarve-golden-triangle-why-portugals-most-exclusive-coast-is-europes-smartest-co-ownership-destination-in-2026,whether you,2
three-paths-luxury-fractional-ownership-success-stories,whether you,2
costa-smeralda-sardinia-co-ownership-destination-2026,whether you,2
how-to-choose-the-right-co-ownership-property-in-2026-the-complete-buyers-guide,whether you,2
construction-technology-reshaping-luxury-property-2026,whether you,2
co-owning-ski-chalet-european-alps-smart-buyers-guide,whether you,2
ibiza-wellness-retreat-yoga-spiritual-lifestyle-guide,whether you,2
lake-como-village-guide-co-ownership-property-2026,whether you,2
france-sci-property-structure-foreign-buyers-guide-2026,whether you,2
buy-ski-property-austria-rules-co-ownership-guide,whether you,2
liguria-co-ownership-italian-riviera-luxury-property-guide,whether you,2
europe-inheritance-tax-breaks-co-ownership-pass-property-children,whether you,2
spain-property-buyer-tax-rules-foreigners-2026,whether you,2
sotogrande-co-ownership-property-luxury-resort-guide-2026,whether you,2
ibiza-property-prices-zone-guide-co-ownership-2026,whether you,2
co-ownership-property-share-resale-value-appreciation-2026,whether you,2
barcelona-modernista-apartment-co-ownership-guide,whether you,2
barcelona-rental-ban-co-ownership-luxury-property-guide-2026,whether you,2
inherited-holiday-home-trap-family-co-ownership-solution,whether you,2
sell-holiday-home-keep-share-co-ownership-exit-strategy,whether you,2
la-plagne-paradiski-family-ski-resort-guide-2026,whether you,2
mallorca-hidden-gems-secret-coves-southwest-villages-guide,whether you,2
menorca-co-ownership-property-investment-guide-2026,whether you,2
ibiza-marina-district-waterfront-co-ownership-property-2026,whether you,2
how-to-sell-co-ownership-property-share-resale-exit-guide,whether you,2
ibiza-gated-community-co-ownership-luxury-villa-enclaves,whether you,2
the-algarve-golden-triangle-why-portugals-most-exclusive-coast-is-europes-smartest-co-ownership-destination-in-2026,world-class,2
digital-nomad-resort-towns-luxury-property-remote-work,world-class,2
co-owning-ski-chalet-european-alps-smart-buyers-guide,world-class,2
ultra-luxury-ski-chalet-design-trends-2026,world-class,2
lake-tahoe-co-ownership-dual-season-property-investment-2026,world-class,2
costa-de-la-luz-cadiz-co-ownership-property-investment-guide-2026,world-class,2
sotogrande-co-ownership-property-luxury-resort-guide-2026,world-class,2
mallorca-co-ownership-property-market-buying-guide-2026,world-class,2
the-algarve-golden-triangle-why-portugals-most-exclusive-coast-is-europes-smartest-co-ownership-destination-in-2026,1/8 share,1
10-myths-about-fractional-property-ownership-that-are-holding-you-back-from-your-dream-holiday-home,1/8 share,1
holiday-rentals-to-fractional-ownership-why-families-switching-2026,1/8 share,1
costa-smeralda-sardinia-co-ownership-destination-2026,1/8 share,1
european-co-ownership-property-market-intelligence-q2-2026-outlook,1/8 share,1
co-owning-ski-chalet-european-alps-smart-buyers-guide,1/8 share,1
ibiza-restored-finca-co-ownership-investment-guide,1/8 share,1
fractional-ownership-french-alps,1/8 share,1
buy-ski-property-austria-rules-co-ownership-guide,1/8 share,1
spain-2030-energy-law-green-co-ownership-property-guide,1/8 share,1
balearic-islands-property-prices-co-ownership-smart-buyers-guide,1/8 share,1
true-cost-luxury-second-home-ownership-smarter-alternative,1/8 share,1
great-wealth-transfer-family-co-ownership-holiday-homes-2026,1/8 share,1
co-own-luxury-paris-apartment-affordable-share-guide,1/8 share,1
renting-luxury-villa-vs-co-ownership-cost-comparison-2026,1/8 share,1
costa-de-la-luz-cadiz-co-ownership-property-investment-guide-2026,1/8 share,1
sotogrande-co-ownership-property-luxury-resort-guide-2026,1/8 share,1
sotogrande-property-co-ownership-after-golden-visa-ends,1/8 share,1
palm-springs-co-ownership-desert-luxury-guide-2026,1/8 share,1
barcelona-modernista-apartment-co-ownership-guide,1/8 share,1
cote-vermeille-co-ownership-property-mediterranean-france,1/8 share,1
cagnes-sur-mer-french-riviera-co-ownership-property-guide-2026,1/8 share,1
mallorca-hidden-gems-secret-coves-southwest-villages-guide,1/8 share,1
santa-eularia-ibiza-co-ownership-property-family-coast-2026,1/8 share,1
ibiza-marina-district-waterfront-co-ownership-property-2026,1/8 share,1
costa-brava-gastronomy-capital-co-ownership-property-guide,1/8 share,1
co-ownership-lisbon-principe-real-guide-2026,1/8 share,1
buy-property-formentera-co-ownership-guide,1/8 share,1
menorca-co-ownership-property-investment-balearic-islands-2026,1/8 share,1
foreign-buyer-property-restrictions-co-ownership-solution-2026,1/8 share,1
balearic-islands-rental-law-tourist-licence-rules-2026,1/8 share,1
uk-second-home-tax-co-ownership-european-property-savings,1/8 share,1
energy-efficient-passive-house-co-ownership-luxury-property,1/8 share,1
property-taxes-co-ownership-homes-country-guide-2026,1/8 share,1
three-paths-luxury-fractional-ownership-success-stories,45 days per year,1
idle-asset-problem-fractional-ownership-investment-second-homes,45 days per year,1
the-llc-advantage-how-co-ownership-property-structures-are-built-for-tax-efficient-wealth-planning-in-2026,45 days per year,1
costa-smeralda-sardinia-co-ownership-destination-2026,45 days per year,1
prime-real-estate-running-out-smart-buyers-co-ownership-2026,45 days per year,1
co-owning-ski-chalet-european-alps-smart-buyers-guide,45 days per year,1
gen-z-fractional-ownership-second-home-2026,45 days per year,1
ibiza-restored-finca-co-ownership-investment-guide,45 days per year,1
luxury-property-co-ownership-membership-model-smart-buyers,45 days per year,1
liguria-co-ownership-italian-riviera-luxury-property-guide,45 days per year,1
wealthy-buyers-choosing-co-ownership-over-second-homes-2026,45 days per year,1
true-cost-luxury-second-home-ownership-smarter-alternative,45 days per year,1
great-wealth-transfer-family-co-ownership-holiday-homes-2026,45 days per year,1
co-ownership-case-study-second-home-lifestyle-transformation-robin,45 days per year,1
holiday-home-cost-per-night-utilisation-problem,45 days per year,1
spain-property-buyer-tax-rules-foreigners-2026,45 days per year,1
costa-de-la-luz-cadiz-co-ownership-property-investment-guide-2026,45 days per year,1
sotogrande-co-ownership-property-luxury-resort-guide-2026,45 days per year,1
sotogrande-property-co-ownership-after-golden-visa-ends,45 days per year,1
palm-springs-co-ownership-desert-luxury-guide-2026,45 days per year,1
barcelona-rental-ban-co-ownership-luxury-property-guide-2026,45 days per year,1
inherited-holiday-home-trap-family-co-ownership-solution,45 days per year,1
sell-holiday-home-keep-share-co-ownership-exit-strategy,45 days per year,1
normandy-france-property-co-ownership-coastal-investment-guide-2026,45 days per year,1
cagnes-sur-mer-french-riviera-co-ownership-property-guide-2026,45 days per year,1
mallorca-hidden-gems-secret-coves-southwest-villages-guide,45 days per year,1
santa-eularia-ibiza-co-ownership-property-family-coast-2026,45 days per year,1
championship-golf-course-homes-co-ownership-investment-guide,45 days per year,1
co-ownership-property-due-diligence-checklist-smart-buyers-2026,45 days per year,1
menorca-co-ownership-property-unesco-biosphere-investment-guide,45 days per year,1
co-ownership-lisbon-principe-real-guide-2026,45 days per year,1
samoens-grand-massif-co-ownership-chalet-guide-2026,45 days per year,1
buy-property-formentera-co-ownership-guide,45 days per year,1
waterfront-co-ownership-property-luxury-shared-investment-2026,45 days per year,1
uk-second-home-tax-co-ownership-european-property-savings,45 days per year,1
co-ownership-buying-process-timeline-six-weeks-guide,45 days per year,1
property-taxes-co-ownership-homes-country-guide-2026,45 days per year,1
idle-asset-problem-fractional-ownership-investment-second-homes,a fraction of the cost,1
10-myths-about-fractional-property-ownership-that-are-holding-you-back-from-your-dream-holiday-home,a fraction of the cost,1
the-great-wealth-transfer-how-a-new-generation-is-buying-luxury-second-homes-through-co-ownership,a fraction of the cost,1
the-2026-luxury-second-home-market-data-every-smart-buyer-needs-to-know,a fraction of the cost,1
napa-valley-wine-country-estates-fractional-ownership-guide-2026,a fraction of the cost,1
construction-technology-reshaping-luxury-property-2026,a fraction of the cost,1
humanoid-robot-assistants-luxury-second-home-management,a fraction of the cost,1
luxury-kitchen-co-ownership-property-value,a fraction of the cost,1
ultra-luxury-ski-chalet-design-trends-2026,a fraction of the cost,1
lake-como-village-guide-co-ownership-property-2026,a fraction of the cost,1
ibiza-restored-finca-co-ownership-investment-guide,a fraction of the cost,1
luxury-property-co-ownership-membership-model-smart-buyers,a fraction of the cost,1
spain-2030-energy-law-green-co-ownership-property-guide,a fraction of the cost,1
true-cost-luxury-second-home-ownership-smarter-alternative,a fraction of the cost,1
second-home-buyers-prefer-co-ownership-2026,a fraction of the cost,1
great-wealth-transfer-family-co-ownership-holiday-homes-2026,a fraction of the cost,1
lake-tahoe-co-ownership-dual-season-property-investment-2026,a fraction of the cost,1
ibiza-property-prices-zone-guide-co-ownership-2026,a fraction of the cost,1
co-ownership-property-share-resale-value-appreciation-2026,a fraction of the cost,1
mallorca-hidden-gems-secret-coves-southwest-villages-guide,a fraction of the cost,1
menorca-co-ownership-property-investment-balearic-islands-2026,a fraction of the cost,1
foreign-buyer-property-restrictions-co-ownership-solution-2026,a fraction of the cost,1
uk-second-home-tax-co-ownership-european-property-savings,a fraction of the cost,1
co-ownership-buying-process-timeline-six-weeks-guide,a fraction of the cost,1
co-ownership-mainstream-smartest-way-buy-second-home,a fraction of the cost,1
napa-valley-wine-country-estates-fractional-ownership-guide-2026,bespoke,1
ibiza-wellness-retreat-yoga-spiritual-lifestyle-guide,bespoke,1
barcelona-modernista-apartment-co-ownership-guide,bespoke,1
holiday-home-boom-fractional-ownership-smartest-property-investment-2026,breathtaking,1
digital-nomad-resort-towns-luxury-property-remote-work,breathtaking,1
paris-left-bank-property-co-ownership-arrondissement-guide-2026,breathtaking,1
digital-nomad-resort-towns-luxury-property-remote-work,co-ownership allows,1
true-cost-luxury-second-home-ownership-smarter-alternative,co-ownership allows,1
alpine-property-summer-winter-year-round-investment-value,co-ownership allows,1
second-home-buyers-prefer-co-ownership-2026,co-ownership allows,1
ibiza-property-prices-zone-guide-co-ownership-2026,co-ownership allows,1
la-plagne-paradiski-family-ski-resort-guide-2026,co-ownership allows,1
european-co-ownership-property-market-intelligence-q2-2026-outlook,co-ownership offers,1
lake-como-village-guide-co-ownership-property-2026,co-ownership offers,1
liguria-co-ownership-italian-riviera-luxury-property-guide,co-ownership offers,1
british-buyers-co-ownership-european-second-homes-guide,co-ownership offers,1
ibiza-property-prices-zone-guide-co-ownership-2026,co-ownership offers,1
sell-holiday-home-keep-share-co-ownership-exit-strategy,co-ownership offers,1
mallorca-hidden-gems-secret-coves-southwest-villages-guide,co-ownership offers,1
alpe-dhuez-property-co-ownership-guide-2026,co-ownership offers,1
menorca-co-ownership-property-unesco-biosphere-investment-guide,co-ownership offers,1
menorca-unesco-co-ownership-property-investment-guide,co-ownership offers,1
balearic-islands-rental-law-tourist-licence-rules-2026,co-ownership offers,1
the-great-wealth-transfer-how-a-new-generation-is-buying-luxury-second-homes-through-co-ownership,co-ownership represents,1
luxury-property-co-ownership-membership-model-smart-buyers,co-ownership represents,1
british-buyers-co-ownership-european-second-homes-guide,co-ownership represents,1
palm-springs-co-ownership-desert-luxury-guide-2026,co-ownership represents,1
costa-smeralda-sardinia-co-ownership-destination-2026,crystal-clear waters,1
splitting-property-portfolio-across-three-countries,crystal-clear waters,1
mallorca-hidden-gems-secret-coves-southwest-villages-guide,crystal-clear waters,1
ibiza-marina-district-waterfront-co-ownership-property-2026,crystal-clear waters,1
liguria-co-ownership-italian-riviera-luxury-property-guide,curated experience,1
napa-valley-wine-country-estates-fractional-ownership-guide-2026,discerning buyer,1
digital-nomad-resort-towns-luxury-property-remote-work,discerning buyer,1
ibiza-restored-finca-co-ownership-investment-guide,discerning buyer,1
balearic-islands-rental-law-tourist-licence-rules-2026,discerning buyer,1
co-ownership-spain-exclusive-property-hotspots-2026,divided eight ways,1
european-co-ownership-property-market-intelligence-q2-2026-outlook,fraction of the price,1
construction-technology-reshaping-luxury-property-2026,fraction of the price,1
luxury-kitchen-co-ownership-property-value,fraction of the price,1
wealthy-buyers-choosing-co-ownership-over-second-homes-2026,fraction of the price,1
co-own-luxury-paris-apartment-affordable-share-guide,fraction of the price,1
multi-generational-holidays-co-ownership-homes-family-gatherings,fraction of the price,1
sotogrande-lifestyle-polo-golf-marina-community-guide,fraction of the price,1
waterfront-co-ownership-property-luxury-shared-investment-2026,fraction of the price,1
costa-de-la-luz-cadiz-co-ownership-property-investment-guide-2026,hidden gem,1
mallorca-hidden-gems-secret-coves-southwest-villages-guide,hidden gem,1
co-ownership-lisbon-principe-real-guide-2026,hidden gem,1
three-paths-luxury-fractional-ownership-success-stories,in this article,1
ultra-luxury-ski-chalet-design-trends-2026,in this article,1
holiday-home-cost-per-night-utilisation-problem,in this article,1
france-sci-property-structure-foreign-buyers-guide-2026,in this guide,1
co-ownership-spain-exclusive-property-hotspots-2026,in this guide,1
renting-luxury-villa-vs-co-ownership-cost-comparison-2026,in this guide,1
spain-property-buyer-tax-rules-foreigners-2026,in this guide,1
la-plagne-paradiski-family-ski-resort-guide-2026,in this guide,1
mallorca-hidden-gems-secret-coves-southwest-villages-guide,in this guide,1
menorca-co-ownership-property-investment-guide-2026,in this guide,1
championship-golf-course-homes-co-ownership-investment-guide,in this guide,1
costa-smeralda-sardinia-co-ownership-destination-2026,nestled in,1
mallorca-hidden-gems-secret-coves-southwest-villages-guide,nestled in,1
three-paths-luxury-fractional-ownership-success-stories,one-eighth share,1
beach-mountain-or-city-how-to-choose-the-right-co-ownership-property-for-your-lifestyle,one-eighth share,1
digital-nomad-resort-towns-luxury-property-remote-work,one-eighth share,1
fractional-ownership-aspen-luxury-alternative-35-million,one-eighth share,1
ibiza-restored-finca-co-ownership-investment-guide,one-eighth share,1
spain-2030-energy-law-green-co-ownership-property-guide,one-eighth share,1
alpine-property-summer-winter-year-round-investment-value,one-eighth share,1
co-own-luxury-paris-apartment-affordable-share-guide,one-eighth share,1
alpe-dhuez-and-a-fractional-ownership-apartment-in-the-centre-of-the-resort,one-eighth share,1
palm-springs-co-ownership-desert-luxury-guide-2026,one-eighth share,1
barcelona-modernista-apartment-co-ownership-guide,one-eighth share,1
ibiza-gated-community-co-ownership-luxury-villa-enclaves,one-eighth share,1
co-ownership-buying-process-timeline-six-weeks-guide,one-eighth share,1
property-taxes-co-ownership-homes-country-guide-2026,one-eighth share,1
10-myths-about-fractional-property-ownership-that-are-holding-you-back-from-your-dream-holiday-home,properly structured llc,1
the-2026-luxury-second-home-market-data-every-smart-buyer-needs-to-know,properly structured llc,1
capital-gains-tax-on-fractional-property-a-complete-guide-for-co-owners-in-2026,properly structured llc,1
balearic-islands-property-prices-co-ownership-smart-buyers-guide,properly structured llc,1
co-ownership-lisbon-principe-real-guide-2026,properly structured llc,1
luxury-property-co-ownership-membership-model-smart-buyers,split eight ways,1
spain-2030-energy-law-green-co-ownership-property-guide,split eight ways,1
great-wealth-transfer-family-co-ownership-holiday-homes-2026,split eight ways,1
co-own-luxury-paris-apartment-affordable-share-guide,split eight ways,1
renting-luxury-villa-vs-co-ownership-cost-comparison-2026,split eight ways,1
holiday-home-cost-per-night-utilisation-problem,split eight ways,1
sotogrande-co-ownership-property-luxury-resort-guide-2026,split eight ways,1
multi-generational-holidays-co-ownership-homes-family-gatherings,split eight ways,1
sotogrande-property-co-ownership-after-golden-visa-ends,split eight ways,1
barcelona-rental-ban-co-ownership-luxury-property-guide-2026,split eight ways,1
paris-left-bank-property-co-ownership-arrondissement-guide-2026,split eight ways,1
cote-vermeille-co-ownership-property-mediterranean-france,split eight ways,1
timeshare-owners-switching-co-ownership-property-2026,split eight ways,1
cagnes-sur-mer-french-riviera-co-ownership-property-guide-2026,split eight ways,1
championship-golf-course-homes-co-ownership-investment-guide,split eight ways,1
begur-spain-smartest-co-ownership-investment-costa-brava-2026,split eight ways,1
co-ownership-lisbon-principe-real-guide-2026,split eight ways,1
sotogrande-lifestyle-polo-golf-marina-community-guide,split eight ways,1
waterfront-co-ownership-property-luxury-shared-investment-2026,split eight ways,1
the-advantages-of-buying-a-home-through-a-fractional-ownersh,stunning views,1
beach-mountain-or-city-how-to-choose-the-right-co-ownership-property-for-your-lifestyle,sun-drenched,1
napa-valley-wine-country-estates-fractional-ownership-guide-2026,sun-drenched,1
digital-nomad-resort-towns-luxury-property-remote-work,sun-drenched,1
balearic-islands-property-prices-co-ownership-smart-buyers-guide,sun-drenched,1
true-cost-luxury-second-home-ownership-smarter-alternative,sun-drenched,1
second-home-buyers-prefer-co-ownership-2026,sun-drenched,1
great-wealth-transfer-family-co-ownership-holiday-homes-2026,sun-drenched,1
british-buyers-co-ownership-european-second-homes-guide,sun-drenched,1
spain-property-buyer-tax-rules-foreigners-2026,sun-drenched,1
lake-tahoe-co-ownership-dual-season-property-investment-2026,sun-drenched,1
costa-de-la-luz-cadiz-co-ownership-property-investment-guide-2026,sun-drenched,1
palm-springs-co-ownership-desert-luxury-guide-2026,sun-drenched,1
barcelona-rental-ban-co-ownership-luxury-property-guide-2026,sun-drenched,1
mallorca-co-ownership-property-market-buying-guide-2026,sun-drenched,1
sell-holiday-home-keep-share-co-ownership-exit-strategy,sun-drenched,1
menorca-co-ownership-property-investment-guide-2026,sun-drenched,1
ibiza-gated-community-co-ownership-luxury-villa-enclaves,sun-drenched,1
languedoc-coast-co-ownership-property-france-best-value,sun-drenched,1
sotogrande-lifestyle-polo-golf-marina-community-guide,sun-drenched,1
waterfront-co-ownership-property-luxury-shared-investment-2026,sun-drenched,1
balearic-islands-rental-law-tourist-licence-rules-2026,sun-drenched,1
estepona-vs-marbella-property-market-comparison-2026,sun-drenched,1
uk-second-home-tax-co-ownership-european-property-savings,sun-drenched,1
co-ownership-buying-process-timeline-six-weeks-guide,sun-drenched,1
cote-vermeille-co-ownership-property-mediterranean-france,tucked into,1
samoens-grand-massif-co-ownership-chalet-guide-2026,tucked into,1
three-paths-luxury-fractional-ownership-success-stories,whether or not,1
idle-asset-problem-fractional-ownership-investment-second-homes,whether or not,1
buy-property-formentera-co-ownership-guide,whether or not,1
foreign-buyer-property-restrictions-co-ownership-solution-2026,whether or not,1
capital-gains-tax-on-fractional-property-a-complete-guide-for-co-owners-in-2026,whether you,1
inheritance-estate-planning-for-fractional-property-owners-the-complete-2026-guide,whether you,1
digital-nomad-resort-towns-luxury-property-remote-work,whether you,1
selling-co-ownership-share-exit-strategy-guide,whether you,1
gen-z-fractional-ownership-second-home-2026,whether you,1
lake-como-property-prices-co-ownership-smart-buyers-2026,whether you,1
fractional-ownership-aspen-luxury-alternative-35-million,whether you,1
ibiza-restored-finca-co-ownership-investment-guide,whether you,1
fractional-ownership-french-alps,whether you,1
cannes-co-ownership-property-french-riviera-hottest-market-2026,whether you,1
luxury-property-co-ownership-membership-model-smart-buyers,whether you,1
balearic-islands-property-prices-co-ownership-smart-buyers-guide,whether you,1
alpine-property-summer-winter-year-round-investment-value,whether you,1
great-wealth-transfer-family-co-ownership-holiday-homes-2026,whether you,1
british-buyers-co-ownership-european-second-homes-guide,whether you,1
renting-luxury-villa-vs-co-ownership-cost-comparison-2026,whether you,1
holiday-home-cost-per-night-utilisation-problem,whether you,1
lake-tahoe-co-ownership-dual-season-property-investment-2026,whether you,1
multi-generational-holidays-co-ownership-homes-family-gatherings,whether you,1
cote-vermeille-co-ownership-property-mediterranean-france,whether you,1
mallorca-co-ownership-property-market-buying-guide-2026,whether you,1
timeshare-owners-switching-co-ownership-property-2026,whether you,1
normandy-france-property-co-ownership-coastal-investment-guide-2026,whether you,1
costa-brava-property-prices-town-comparison-co-ownership-2026,whether you,1
cagnes-sur-mer-french-riviera-co-ownership-property-guide-2026,whether you,1
santa-eularia-ibiza-co-ownership-property-family-coast-2026,whether you,1
alpe-dhuez-property-co-ownership-guide-2026,whether you,1
france-property-tax-co-owners-rental-income-capital-gains-2026,whether you,1
costa-brava-gastronomy-capital-co-ownership-property-guide,whether you,1
championship-golf-course-homes-co-ownership-investment-guide,whether you,1
begur-spain-smartest-co-ownership-investment-costa-brava-2026,whether you,1
co-ownership-lisbon-principe-real-guide-2026,whether you,1
samoens-grand-massif-co-ownership-chalet-guide-2026,whether you,1
menorca-co-ownership-property-investment-balearic-islands-2026,whether you,1
menorca-slow-luxury-co-ownership-property-guide,whether you,1
languedoc-coast-co-ownership-property-france-best-value,whether you,1
menorca-unesco-co-ownership-property-investment-guide,whether you,1
sotogrande-lifestyle-polo-golf-marina-community-guide,whether you,1
foreign-buyer-property-restrictions-co-ownership-solution-2026,whether you,1
waterfront-co-ownership-property-luxury-shared-investment-2026,whether you,1
balearic-islands-rental-law-tourist-licence-rules-2026,whether you,1
uk-second-home-tax-co-ownership-european-property-savings,whether you,1
co-ownership-buying-process-timeline-six-weeks-guide,whether you,1
courchevel-moriond-co-ownership-three-valleys-guide,whether you,1
co-ownership-mainstream-smartest-way-buy-second-home,whether you,1
property-taxes-co-ownership-homes-country-guide-2026,whether you,1
three-paths-luxury-fractional-ownership-success-stories,world-class,1
10-myths-about-fractional-property-ownership-that-are-holding-you-back-from-your-dream-holiday-home,world-class,1
holiday-home-boom-fractional-ownership-smartest-property-investment-2026,world-class,1
beach-mountain-or-city-how-to-choose-the-right-co-ownership-property-for-your-lifestyle,world-class,1
construction-technology-reshaping-luxury-property-2026,world-class,1
pied-a-terre-lifestyle-remote-work-city-second-home-2026,world-class,1
lake-como-village-guide-co-ownership-property-2026,world-class,1
luxury-property-co-ownership-membership-model-smart-buyers,world-class,1
liguria-co-ownership-italian-riviera-luxury-property-guide,world-class,1
alpine-property-summer-winter-year-round-investment-value,world-class,1
spain-property-buyer-tax-rules-foreigners-2026,world-class,1
alpe-dhuez-and-a-fractional-ownership-apartment-in-the-centre-of-the-resort,world-class,1
multi-generational-holidays-co-ownership-homes-family-gatherings,world-class,1
ibiza-property-prices-zone-guide-co-ownership-2026,world-class,1
sotogrande-property-co-ownership-after-golden-visa-ends,world-class,1
palm-springs-co-ownership-desert-luxury-guide-2026,world-class,1
barcelona-modernista-apartment-co-ownership-guide,world-class,1
barcelona-rental-ban-co-ownership-luxury-property-guide-2026,world-class,1
paris-left-bank-property-co-ownership-arrondissement-guide-2026,world-class,1
cote-vermeille-co-ownership-property-mediterranean-france,world-class,1
timeshare-owners-switching-co-ownership-property-2026,world-class,1
normandy-france-property-co-ownership-coastal-investment-guide-2026,world-class,1
mallorca-hidden-gems-secret-coves-southwest-villages-guide,world-class,1
ibiza-marina-district-waterfront-co-ownership-property-2026,world-class,1
alpe-dhuez-property-co-ownership-guide-2026,world-class,1
costa-brava-gastronomy-capital-co-ownership-property-guide,world-class,1
championship-golf-course-homes-co-ownership-investment-guide,world-class,1
co-ownership-lisbon-principe-real-guide-2026,world-class,1
ibiza-gated-community-co-ownership-luxury-villa-enclaves,world-class,1
menorca-co-ownership-property-investment-balearic-islands-2026,world-class,1
languedoc-coast-co-ownership-property-france-best-value,world-class,1
waterfront-co-ownership-property-luxury-shared-investment-2026,world-class,1
estepona-vs-marbella-property-market-comparison-2026,world-class,1
uk-second-home-tax-co-ownership-european-property-savings,world-class,1
courchevel-moriond-co-ownership-three-valleys-guide,world-class,1