cluster_key,cluster_size,slug,opening
while mallorca and ibiza have long,3,menorca-co-ownership-property-investment-guide-2026,"While Mallorca and Ibiza have long dominated Balearic property headlines, a quieter revolution is unfolding on Menorca — the island that UNESCO designated a Biosphere Reserve in 1993 and which has sin"
while mallorca and ibiza have long,3,menorca-co-ownership-property-unesco-biosphere-investment-guide,"While Mallorca and Ibiza have long dominated the Balearic property conversation, Menorca has quietly become the most compelling investment story in the Mediterranean ."
while mallorca and ibiza have long,3,menorca-co-ownership-property-investment-balearic-islands-2026,"While Mallorca and Ibiza have long dominated the Balearic Islands headlines, Menorca has quietly become the most compelling co-ownership destination in the Mediterranean."
ibiza 8217 s property market has,2,ibiza-restored-finca-co-ownership-investment-guide,"Ibiza&#8217;s property market has long outpaced mainland Spain, but one asset class is quietly outperforming everything else on the island: the restored traditional finca ."
ibiza 8217 s property market has,2,ibiza-property-prices-zone-guide-co-ownership-2026,Ibiza&#8217;s property market has become one of the most exclusive in the Mediterranean.
there are few stretches of european,1,the-algarve-golden-triangle-why-portugals-most-exclusive-coast-is-europes-smartest-co-ownership-destination-in-2026,"There are few stretches of European coastline that combine year-round sunshine, world-class golf, Michelin-starred dining, and genuine real estate investment potential quite like Portugal&#8217;s Alga"
numbers and market reports only tell,1,three-paths-luxury-fractional-ownership-success-stories,Numbers and market reports only tell part of the story.
across europe and the united states,1,idle-asset-problem-fractional-ownership-investment-second-homes,"Across Europe and the United States, millions of luxury second homes sit behind closed shutters for more than 300 days every year ."
the conversation around luxury second homes,1,the-carbon-footprint-case-for-co-ownership-why-sharing-a-luxury-holiday-home-is-the-most-sustainable-way-to-own-a-second-property-in-2026,The conversation around luxury second homes is changing.
across luxury real estate in 2026,1,digital-twin-technology-in-luxury-co-ownership-how-virtual-property-replicas-are-reshaping-holiday-home-management-in-2026,"Across luxury real estate in 2026, one technology has quietly moved from the world of aerospace and Formula One into the world of holiday homes: the digital twin ."
fractional property ownership is one of,1,10-myths-about-fractional-property-ownership-that-are-holding-you-back-from-your-dream-holiday-home,Fractional property ownership is one of the fastest-growing segments of the luxury real estate market — yet it remains one of the most misunderstood.
the largest intergenerational wealth transfer in,1,the-great-wealth-transfer-how-a-new-generation-is-buying-luxury-second-homes-through-co-ownership,The largest intergenerational wealth transfer in history is underway.
for decades the luxury second home,1,the-wealth-equation-how-fractional-ownership-turns-holiday-home-costs-into-a-tax-efficient-investment,"For decades, the luxury second home has been one of the worst-performing assets in most wealthy families&#8217; portfolios."
when most people think about the,1,the-llc-advantage-how-co-ownership-property-structures-are-built-for-tax-efficient-wealth-planning-in-2026,"When most people think about the appeal of co-ownership property , they focus on the lifestyle benefits — 45 days a year in a stunning villa in Mallorca, a ski chalet in the French Alps, or a beach ho"
the global luxury second home market,1,the-2026-luxury-second-home-market-data-every-smart-buyer-needs-to-know,The global luxury second home market is undergoing one of its most significant structural shifts in decades.
if you have ever spent weeks,1,holiday-rentals-to-fractional-ownership-why-families-switching-2026,"If you have ever spent weeks researching the perfect holiday rental, only to arrive at a property that looks nothing like the photos, you are not alone."
there are few stretches of coastline,1,costa-smeralda-sardinia-co-ownership-destination-2026,There are few stretches of coastline in Europe that can rival the sheer magnetism of Costa Smeralda .
the global holiday home market was,1,holiday-home-boom-fractional-ownership-smartest-property-investment-2026,"The global holiday home market was valued at $87.5 billion in 2024 and is on track to reach $317.76 billion by 2033 , growing at a compound annual rate of nearly 14%."
a decade ago owning a share,1,ai-powered-property-management-co-ownership-effortless-2026,"A decade ago, owning a share of a luxury holiday home meant phone calls, spreadsheets, and the occasional scheduling mix-up between co-owners."
choosing a co ownership property is,1,beach-mountain-or-city-how-to-choose-the-right-co-ownership-property-for-your-lifestyle,Choosing a co-ownership property is one of the most exciting decisions you will make — and one of the most personal.
something has shifted in the way,1,how-to-choose-the-right-co-ownership-property-in-2026-the-complete-buyers-guide,Something has shifted in the way affluent buyers think about second homes.
selling a fractional property share is,1,capital-gains-tax-on-fractional-property-a-complete-guide-for-co-owners-in-2026,Selling a fractional property share is one of the most straightforward exits in real estate — but understanding the tax implications beforehand can save co-owners thousands.
when people enquire about fractional ownership,1,inheritance-estate-planning-for-fractional-property-owners-the-complete-2026-guide,"When people enquire about fractional ownership properties , they most commonly ask about the lifestyle — the destinations, the quality of the homes, the flexibility."
as the second quarter of 2026,1,european-co-ownership-property-market-intelligence-q2-2026-outlook,"As the second quarter of 2026 opens, the European property market is presenting a picture that fractional ownership investors have been waiting for."
napa valley wine country fractional ownership,1,napa-valley-wine-country-estates-fractional-ownership-guide-2026,Napa Valley wine country fractional ownership estate opportunities are redefining how discerning buyers access one of California’s most coveted addresses.
french alps 11 2 italian lakes,1,splitting-property-portfolio-across-three-countries,"French Alps +11.2% Italian Lakes +8.6% Mallorca +6.1% Costa del Sol +3.4% French Riviera +1.2% Central London -3.2% Sources: Knight Frank Global Wealth Report 2025, Savills European Resort Market Inde"
the way we work has fundamentally,1,digital-nomad-resort-towns-luxury-property-remote-work,"The way we work has fundamentally changed, and with it, the way we think about where we live."
one of the most common questions,1,selling-co-ownership-share-exit-strategy-guide,One of the most common questions asked by prospective co-ownership buyers — and one of the most important — is: what happens when I want to sell?
something structural is happening in the,1,prime-real-estate-running-out-smart-buyers-co-ownership-2026,"Something structural is happening in the global luxury property market, and most buyers are only noticing it when they&#8217;re already too late."
the construction industry is undergoing a,1,construction-technology-reshaping-luxury-property-2026,The construction industry is undergoing a seismic transformation.
the european alps have long represented,1,co-owning-ski-chalet-european-alps-smart-buyers-guide,"The European Alps have long represented the pinnacle of luxury property ownership — a world of snow-dusted chalets, Michelin-starred mountain dining, and year-round outdoor adventure."
the era of the intelligent luxury,1,humanoid-robot-assistants-luxury-second-home-management,The era of the intelligent luxury home is no longer a futuristic vision — it is 2026&#8217;s lived reality.
there is a french phrase that,1,pied-a-terre-lifestyle-remote-work-city-second-home-2026,There is a French phrase that has quietly become the defining real estate concept of the hybrid work era.
in any luxury property the kitchen,1,luxury-kitchen-co-ownership-property-value,"In any luxury property, the kitchen is more than a functional space — it is a statement of intent."
the ultra luxury ski chalet of,1,ultra-luxury-ski-chalet-design-trends-2026,The ultra-luxury ski chalet of 2026 looks almost nothing like its predecessor from a decade ago.
in 2024 airbnb published research predicting,1,gen-z-fractional-ownership-second-home-2026,"In 2024, Airbnb published research predicting that Gen Z would lead a global surge in ultra-short trips — spontaneous two- or three-night getaways squeezed between working weeks, side hustles, and rem"
lake como has long been synonymous,1,lake-como-property-prices-co-ownership-smart-buyers-2026,"Lake Como has long been synonymous with old-world elegance, cinematic beauty, and some of Europe&#8217;s most coveted real estate ."
aspen luxury real estate market trends,1,fractional-ownership-aspen-luxury-alternative-35-million,Aspen luxury real estate market trends 2026 paint a picture that few other resort towns in the world can match.
ibiza has always been an island,1,ibiza-wellness-retreat-yoga-spiritual-lifestyle-guide,Ibiza has always been an island of transformation.
lake como has been pulling wealthy,1,lake-como-village-guide-co-ownership-property-2026,"Lake Como has been pulling wealthy Europeans across its glittering waters for centuries, but in 2026 the buyer profile is shifting fast ."
buying property in france as a,1,france-sci-property-structure-foreign-buyers-guide-2026,Buying property in France as a foreign national is a dream shared by millions — but the legal framework can feel intimidating.
not all alpine ski resorts are,1,fractional-ownership-french-alps,"Not all Alpine ski resorts are equal — and if you&#8217;ve ever arrived in a resort to find icy pistes, a three-week season barely worth the journey, or a village that closes its shutters by 9pm, you "
austria is home to some of,1,buy-ski-property-austria-rules-co-ownership-guide,Austria is home to some of Europe&#8217;s most coveted ski resorts — from the glamour of Kitzbühel to the powder-drenched slopes of St.
cannes has never been more desirable,1,cannes-co-ownership-property-french-riviera-hottest-market-2026,Cannes has never been more desirable — or more expensive.
there is a well worn analogy,1,luxury-property-co-ownership-membership-model-smart-buyers,There is a well-worn analogy in the world of luxury lifestyle: why buy the entire private members” club when a membership gives you everything you need?
a regulatory earthquake is heading for,1,spain-2030-energy-law-green-co-ownership-property-guide,A regulatory earthquake is heading for Spain&#8217;s property market.
the italian riviera has enchanted travellers,1,liguria-co-ownership-italian-riviera-luxury-property-guide,The Italian Riviera has enchanted travellers for centuries — from the British aristocrats who wintered in Bordighera in the 1800s to the Hollywood elite who put Portofino on the global map.
spain 8217 s luxury property market,1,co-ownership-spain-exclusive-property-hotspots-2026,Spain&#8217;s luxury property market has never been hotter — or harder to enter.
for decades the ultra wealthy measured,1,wealthy-buyers-choosing-co-ownership-over-second-homes-2026,"For decades, the ultra-wealthy measured success partly by the size of their property portfolio."
the balearic islands have always been,1,balearic-islands-property-prices-co-ownership-smart-buyers-guide,"The Balearic Islands have always been synonymous with Mediterranean luxury — turquoise coves, sun-drenched stone villages, and some of Europe&#8217;s finest dining and nightlife ."
owning a luxury second home has,1,true-cost-luxury-second-home-ownership-smarter-alternative,Owning a luxury second home has long been considered the ultimate marker of financial success.
for decades buying a property in,1,alpine-property-summer-winter-year-round-investment-value,"For decades, buying a property in the Alps meant one thing: skiing."
for decades the second home was,1,second-home-buyers-prefer-co-ownership-2026,"For decades, the second home was the ultimate status symbol — a villa on the coast, a chalet in the mountains, a sun-drenched apartment overlooking the Mediterranean ."
something extraordinary is happening in the,1,great-wealth-transfer-family-co-ownership-holiday-homes-2026,Something extraordinary is happening in the world of family wealth.
for decades the dream of owning,1,british-buyers-co-ownership-european-second-homes-guide,"For decades, the dream of owning a sun-drenched villa in Spain, a stone farmhouse in Provence, or a lakeside retreat in Italy defined the British approach to luxury living abroad."
the 124 trillion great wealth transfer,1,europe-inheritance-tax-breaks-co-ownership-pass-property-children,The $124 trillion Great Wealth Transfer is already under way.
paris remains the world 8217 s,1,co-own-luxury-paris-apartment-affordable-share-guide,"Paris remains the world&#8217;s most coveted address for second-home buyers — but with average prices hitting €10,450 per square metre in 2026 and prime Haussmann arrondissements commanding upwards of"
every year millions of families across,1,renting-luxury-villa-vs-co-ownership-cost-comparison-2026,"Every year, millions of families across Europe and the United States spend €3,000 to €10,000 per week renting luxury holiday villas — and most do it without ever questioning whether there&#8217;s a sm"
robin was by most measures a,1,co-ownership-case-study-second-home-lifestyle-transformation-robin,"Robin was, by most measures, a success story."
here is a number that shocks,1,holiday-home-cost-per-night-utilisation-problem,"Here is a number that shocks most holiday home owners: when you divide every penny you spend — mortgage payments, maintenance, insurance, taxes, furnishing, management — by the nights you actually sle"
spain remains one of the most,1,spain-property-buyer-tax-rules-foreigners-2026,Spain remains one of the most popular destinations for international property buyers — and for good reason.
there are ski resorts and then,1,alpe-dhuez-and-a-fractional-ownership-apartment-in-the-centre-of-the-resort,"There are ski resorts, and then there is Alpe d&#8217;Huez."
lake tahoe has always occupied a,1,lake-tahoe-co-ownership-dual-season-property-investment-2026,Lake Tahoe has always occupied a rare position in American real estate — a destination where powder-filled winters and sun-drenched summers deliver genuine year-round value.
spain 8217 s mediterranean costas have,1,costa-de-la-luz-cadiz-co-ownership-property-investment-guide-2026,"Spain&#8217;s Mediterranean costas have long dominated the holiday-home conversation, but a quieter revolution is unfolding on the country&#8217;s Atlantic side."
sotogrande has long been southern europe,1,sotogrande-co-ownership-property-luxury-resort-guide-2026,"Sotogrande has long been southern Europe&#8217;s best-kept secret — a 2,000-hectare private community on the western edge of the Costa del Sol where polo players, golf legends and discreet ultra-high-"
the way families holiday together is,1,multi-generational-holidays-co-ownership-homes-family-gatherings,The way families holiday together is changing.
in april 2025 spain officially ended,1,sotogrande-property-co-ownership-after-golden-visa-ends,"In April 2025, Spain officially ended its Golden Visa programme, closing the door on residency-through-property-purchase for non-EU buyers."
palm springs has long been the,1,palm-springs-co-ownership-desert-luxury-guide-2026,"Palm Springs has long been the playground of Hollywood icons, mid-century design lovers, and anyone seeking guaranteed sunshine within a two-hour drive of Los Angeles."
one of the most persistent myths,1,co-ownership-property-share-resale-value-appreciation-2026,One of the most persistent myths about co-ownership property is that you&#8217;re buying a &#8216;usage right&#8217; rather than real equity.
barcelona is a city where art,1,barcelona-modernista-apartment-co-ownership-guide,Barcelona is a city where art and architecture are woven into the streetscape — from the undulating façades of Gaudí&#8217;s Casa Batlló to the ornate ironwork balconies lining the Eixample&#8217;s gr
barcelona has always been one of,1,barcelona-rental-ban-co-ownership-luxury-property-guide-2026,"Barcelona has always been one of Europe&#8217;s most magnetic cities for property buyers — a place where Gothic Quarter charm meets Eixample grandeur , where rooftop terraces overlook Gaudí masterpiec"
the left bank of paris the,1,paris-left-bank-property-co-ownership-arrondissement-guide-2026,The Left Bank of Paris — the Rive Gauche — is more than a location.
there is a stretch of french,1,cote-vermeille-co-ownership-property-mediterranean-france,"There is a stretch of French Mediterranean coastline where the Pyrenees tumble directly into turquoise water , where Matisse once set up his easel and refused to leave, and where property prices sit a"
mallorca has long been one of,1,mallorca-co-ownership-property-market-buying-guide-2026,"Mallorca has long been one of the Mediterranean&#8217;s most coveted destinations — a place where rugged Serra de Tramuntana peaks meet turquoise coves, Michelin-starred restaurants sit alongside cent"
the family holiday home is one,1,inherited-holiday-home-trap-family-co-ownership-solution,The family holiday home is one of the most emotionally charged assets anyone can inherit.
you bought a holiday home dreaming,1,sell-holiday-home-keep-share-co-ownership-exit-strategy,You bought a holiday home dreaming of sun-drenched mornings and effortless escapes.
there are 9 1 million timeshare,1,timeshare-owners-switching-co-ownership-property-2026,"There are 9.1 million timeshare-owning households in the United States alone, and a growing number of them are asking the same question: how do I get out?"
a decade ago the biggest objection,1,proptech-co-ownership-second-home-smart-property-technology,"A decade ago, the biggest objection to co-owning a holiday home was logistics."
when property buyers think of france,1,normandy-france-property-co-ownership-coastal-investment-guide-2026,"When property buyers think of France, the mind drifts to the sun-soaked Riviera , the glamour of Paris, or the alpine grandeur of Chamonix."
there is a reason why la,1,la-plagne-paradiski-family-ski-resort-guide-2026,There is a reason why La Plagne consistently appears at the top of every serious list of family ski destinations in Europe.
the costa brava has quietly become,1,costa-brava-property-prices-town-comparison-co-ownership-2026,The Costa Brava has quietly become one of Europe&#8217;s most compelling property markets — and one of its most complex.
the french riviera conjures images of,1,cagnes-sur-mer-french-riviera-co-ownership-property-guide-2026,"The French Riviera conjures images of superyachts off Cannes, Grand Prix weekend in Monaco, and clifftop villas that trade for eight figures."
most visitors to mallorca see the,1,mallorca-hidden-gems-secret-coves-southwest-villages-guide,"Most visitors to Mallorca see the same sliver of coastline — the crowded beaches of Magaluf, the marina at Palma, perhaps a quick daytrip to the Caves of Drach."
ibiza 8217 s reputation as a,1,santa-eularia-ibiza-co-ownership-property-family-coast-2026,Ibiza&#8217;s reputation as a party island is well-earned — but increasingly outdated.
ibiza 8217 s reputation was built,1,ibiza-marina-district-waterfront-co-ownership-property-2026,"Ibiza&#8217;s reputation was built on sunsets, nightlife, and bohemian charm — but in 2026, the island&#8217;s most exciting story is playing out along its waterfronts."
in july 2026 alpe d 8217,1,alpe-dhuez-property-co-ownership-guide-2026,"In July 2026, Alpe d&#8217;Huez will host two Tour de France stages in consecutive days — a first in the race&#8217;s 123-year history."
france remains one of the most,1,france-property-tax-co-owners-rental-income-capital-gains-2026,France remains one of the most sought-after destinations for international property buyers — and for good reason.
there are coastlines with beautiful beaches,1,costa-brava-gastronomy-capital-co-ownership-property-guide,"There are coastlines with beautiful beaches, and then there is the Costa Brava — a stretch of Catalonia where rocky coves meet medieval hilltop villages, where the world&#8217;s most celebrated chefs "
there is a reason the world,1,championship-golf-course-homes-co-ownership-investment-guide,There is a reason the world&#8217;s most sought-after residential addresses sit alongside championship golf courses.
perched on a hilltop in catalonia,1,begur-spain-smartest-co-ownership-investment-costa-brava-2026,"Perched on a hilltop in Catalonia&#8217;s Baix Empordà, Begur is the kind of village that serious property buyers whisper about rather than shout."
one of the biggest fears potential,1,how-to-sell-co-ownership-property-share-resale-exit-guide,One of the biggest fears potential buyers have about co-ownership property is a simple question: what happens when I want to sell?
the co ownership property market is,1,co-ownership-property-due-diligence-checklist-smart-buyers-2026,The co-ownership property market is booming.
lisbon 8217 s pr ncipe real,1,co-ownership-lisbon-principe-real-guide-2026,"Lisbon&#8217;s Príncipe Real is no longer a hidden gem — it&#8217;s one of Europe&#8217;s most sought-after residential addresses , where 19th-century palaces sit alongside concept stores, Michelin-ca"
when most buyers think of the,1,samoens-grand-massif-co-ownership-chalet-guide-2026,"When most buyers think of the French Alps, names like Courchevel, Méribel, and Chamonix dominate the conversation — and the price lists."
formentera is the smallest and most,1,buy-property-formentera-co-ownership-guide,"Formentera is the smallest and most exclusive of Spain&#8217;s Balearic Islands , a sliver of white sand and turquoise water just 83 square kilometres in size."
ibiza has long been one of,1,ibiza-gated-community-co-ownership-luxury-villa-enclaves,Ibiza has long been one of Europe&#8217;s most coveted addresses for second-home buyers — a sun-drenched island where Mediterranean lifestyle meets world-class architecture .
while ibiza and mallorca dominate the,1,menorca-slow-luxury-co-ownership-property-guide,"While Ibiza and Mallorca dominate the headlines, Menorca has been quietly staging one of the Mediterranean&#8217;s most compelling property stories ."
for decades international property buyers have,1,languedoc-coast-co-ownership-property-france-best-value,"For decades, international property buyers have fixated on the Côte d&#8217;Azur — Cannes, Nice, Saint-Tropez — paying €5,000 to €10,000 per square metre for the privilege of owning a slice of the Fre"
while its neighbours mallorca and ibiza,1,menorca-unesco-co-ownership-property-investment-guide,"While its neighbours Mallorca and Ibiza dominate the headlines, Menorca has been quietly building one of the most compelling property stories in the Mediterranean."
tucked between the strait of gibraltar,1,sotogrande-lifestyle-polo-golf-marina-community-guide,"Tucked between the Strait of Gibraltar and the sun-drenched hills of Cádiz province, Sotogrande is a name whispered in the same breath as Saint-Tropez, the Hamptons and Gstaad — yet it remains blissfu"
the global property landscape for foreign,1,foreign-buyer-property-restrictions-co-ownership-solution-2026,The global property landscape for foreign buyers is shifting beneath their feet.
waterfront property has always been the,1,waterfront-co-ownership-property-luxury-shared-investment-2026,Waterfront property has always been the crown jewel of real estate.
the balearic islands have long been,1,balearic-islands-rental-law-tourist-licence-rules-2026,"The Balearic Islands have long been one of Europe&#8217;s most coveted property destinations — sun-drenched coastlines, UNESCO-listed old towns, and a lifestyle that blends Mediterranean calm with cos"
southern spain 8217 s luxury property,1,estepona-vs-marbella-property-market-comparison-2026,Southern Spain&#8217;s luxury property corridor stretches along a sun-drenched coastline where two towns have emerged as the most talked-about micro-markets in European real estate.
the dream of owning a sun,1,uk-second-home-tax-co-ownership-european-property-savings,The dream of owning a sun-drenched villa in Spain or a ski chalet in the French Alps has always held a special place in the British imagination.
the global property market is undergoing,1,energy-efficient-passive-house-co-ownership-luxury-property,The global property market is undergoing a quiet but profound transformation.
most people assume buying a share,1,co-ownership-buying-process-timeline-six-weeks-guide,"Most people assume buying a share in a luxury holiday home involves the same marathon of paperwork, negotiations, and sleepless nights that comes with purchasing a full property."
courchevel is a name that conjures,1,courchevel-moriond-co-ownership-three-valleys-guide,"Courchevel is a name that conjures images of fur-clad oligarchs, helicopter transfers, and six-figure weekly chalet rentals."
a decade ago the idea of,1,co-ownership-mainstream-smartest-way-buy-second-home,"A decade ago, the idea of sharing ownership of a luxury holiday home raised eyebrows."
property tax is the one cost,1,property-taxes-co-ownership-homes-country-guide-2026,Property tax is the one cost of second-home ownership that never takes a holiday.
however as outlined above there is,1,the-advantages-of-buying-a-home-through-a-fractional-ownersh,"However, as outlined above, there is also a long list of financial and legal hurdles to overcome before making your quintessential holiday home a reality."