slug,title,category,sentence_count,shared_sentences,template_pct,ai_tells_hit,rewrite_priority_score
mallorca-hidden-gems-secret-coves-southwest-villages-guide,"Hidden Mallorca: Secret Coves, Ancient Villages and the Off-Season Magic Most Tourists Never See",Co-Ownership Basics,125,5,4.0,11,59.0
luxury-property-co-ownership-membership-model-smart-buyers,The Membership Model for Luxury Property: Why Smart Buyers Choose Co-Ownership Over Buying the Whole,Properties & Destinations,113,14,12.4,7,47.4
cote-vermeille-co-ownership-property-mediterranean-france,Co-Ownership on France's Côte Vermeille: Mediterranean Luxury at Half the Riviera Price,Properties & Destinations,108,13,12.0,7,47.0
palm-springs-co-ownership-desert-luxury-guide-2026,Palm Springs Co-Ownership: The Smart Way to Own Desert Luxury in 2026,Co-Ownership Basics,135,11,8.1,7,43.1
uk-second-home-tax-co-ownership-european-property-savings,UK Second Home Tax Is Now 5%: Why British Buyers Are Switching to Co-Ownership in Europe,Co-Ownership Basics,121,9,7.4,7,42.4
co-ownership-lisbon-principe-real-guide-2026,Why Co-Ownership Is the Smartest Way Into Lisbon's Most Exclusive Neighbourhood in 2026,Properties & Destinations,118,6,5.1,7,40.1
great-wealth-transfer-family-co-ownership-holiday-homes-2026,The Great Wealth Transfer: Why Families Are Choosing Co-Ownership Holiday Homes in 2026,Legal & Finance,143,13,9.1,6,39.1
costa-smeralda-sardinia-co-ownership-destination-2026,Costa Smeralda: Why Sardinia's Emerald Coast Is Europe's Hottest Co-Ownership Destination in 2026,Properties & Destinations,100,8,8.0,6,38.0
costa-de-la-luz-cadiz-co-ownership-property-investment-guide-2026,Costa de la Luz Property: Why Cádiz Is Spain's Smartest Co-Ownership Bet in 2026,Properties & Destinations,127,10,7.9,6,37.9
foreign-buyer-property-restrictions-co-ownership-solution-2026,Foreign Property Buyers Face Growing Restrictions — How Co-Ownership Offers a Smarter Path in 2026,Legal & Finance,118,9,7.6,6,37.6
sotogrande-co-ownership-property-luxury-resort-guide-2026,Sotogrande 2026: Why Europe's Most Exclusive Resort Is the New Frontier for Co-Ownership Property,Properties & Destinations,106,13,12.3,5,37.3
waterfront-co-ownership-property-luxury-shared-investment-2026,Waterfront Co-Ownership: Why Shared Luxury on the Water Is the Smartest Property Move in 2026,Market Insights,124,2,1.6,7,36.6
the-algarve-golden-triangle-why-portugals-most-exclusive-coast-is-europes-smartest-co-ownership-destination-in-2026,The Algarve Golden Triangle: Why Portugal's Most Exclusive Coast Is Europe's Smartest Co-Ownership D,Properties & Destinations,115,7,6.1,6,36.1
sotogrande-property-co-ownership-after-golden-visa-ends,Sotogrande Property After Spain's Golden Visa Ends: Why Co-Ownership Is the Smartest Way In,Properties & Destinations,120,13,10.8,5,35.8
balearic-islands-property-prices-co-ownership-smart-buyers-guide,Balearic Islands Property Prices Are at Record Highs — Here's How Smart Buyers Are Getting In,Co-Ownership Basics,125,7,5.6,6,35.6
the-great-wealth-transfer-how-a-new-generation-is-buying-luxury-second-homes-through-co-ownership,The Great Wealth Transfer: How a New Generation Is Buying Luxury Second Homes Through Co-Ownership,Co-Ownership Basics,105,11,10.5,5,35.5
championship-golf-course-homes-co-ownership-investment-guide,Championship Golf Course Homes: Why Co-Ownership Is the Smartest Way to Own on the Fairway,Properties & Destinations,113,6,5.3,6,35.3
paris-left-bank-property-co-ownership-arrondissement-guide-2026,Paris Left Bank Property: The Arrondissement-by-Arrondissement Guide to Co-Owning on the Rive Gauche,Properties & Destinations,117,6,5.1,6,35.1
digital-nomad-resort-towns-luxury-property-remote-work,Digital Nomad Resort Towns: How Remote Work Is Reshaping Luxury Property Markets Across Europe and t,AI & Technology,121,0,0.0,7,35.0
begur-spain-smartest-co-ownership-investment-costa-brava-2026,Why Begur Is the Smartest Co-Ownership Investment on Spain's Costa Brava in 2026,Properties & Destinations,112,11,9.8,5,34.8
ibiza-restored-finca-co-ownership-investment-guide,Why Ibiza's Restored Fincas Are the Smartest Co-Ownership Investment in the Balearics,Properties & Destinations,109,5,4.6,6,34.6
liguria-co-ownership-italian-riviera-luxury-property-guide,Liguria Co-Ownership: Why the Italian Riviera Is Europe's Best-Kept Secret for Shared Luxury Propert,Properties & Destinations,129,12,9.3,5,34.3
co-own-luxury-paris-apartment-affordable-share-guide,"How to Co-Own a Luxury Paris Apartment for Under €200,000",Properties & Destinations,120,11,9.2,5,34.2
idle-asset-problem-fractional-ownership-investment-second-homes,The Idle Asset Problem: Why Smart Investors Are Choosing Fractional Ownership Over Empty Second Home,Market Insights,115,10,8.7,5,33.7
ibiza-property-prices-zone-guide-co-ownership-2026,Ibiza Property Price Map 2026: What Every Zone Costs and How Co-Ownership Unlocks Them All,Co-Ownership Basics,113,4,3.5,6,33.5
cagnes-sur-mer-french-riviera-co-ownership-property-guide-2026,Cagnes-sur-Mer: The French Riviera's Smartest Co-Ownership Destination in 2026,Properties & Destinations,104,8,7.7,5,32.7
second-home-buyers-prefer-co-ownership-2026,The Second Home Problem: Why 80% of Buyers Now Prefer Co-Ownership,Legal & Finance,103,13,12.6,4,32.6
co-ownership-mainstream-smartest-way-buy-second-home,From Niche to Normal: How Co-Ownership Became the Smartest Way to Buy a Second Home,Co-Ownership Basics,107,13,12.1,4,32.1
10-myths-about-fractional-property-ownership-that-are-holding-you-back-from-your-dream-holiday-home,10 Myths About Fractional Property Ownership That Are Holding You Back From Your Dream Holiday Home,Co-Ownership Basics,117,8,6.8,5,31.8
three-paths-luxury-fractional-ownership-success-stories,Three Paths to Luxury: How Real Buyers Are Using Fractional Ownership to Transform Their Holiday Hom,Market Insights,111,2,1.8,6,31.8
true-cost-luxury-second-home-ownership-smarter-alternative,The True Cost of Owning a Luxury Second Home in 2026 — And the Smarter Alternative,Co-Ownership Basics,119,2,1.7,6,31.7
lake-como-village-guide-co-ownership-property-2026,Lake Como Village Guide 2026: Where to Buy Your Co-Ownership Property Share,Properties & Destinations,123,2,1.6,6,31.6
barcelona-rental-ban-co-ownership-luxury-property-guide-2026,Barcelona's Rental Crackdown Is Reshaping Luxury Property — Here's How Co-Ownership Wins,Properties & Destinations,108,7,6.5,5,31.5
renting-luxury-villa-vs-co-ownership-cost-comparison-2026,Renting a Luxury Holiday Villa vs Co-Ownership: The True Cost Breakdown for 2026,Co-Ownership Basics,129,8,6.2,5,31.2
normandy-france-property-co-ownership-coastal-investment-guide-2026,Normandy Property: Why Smart Buyers Are Co-Owning France's Most Undervalued Coastline in 2026,Properties & Destinations,117,13,11.1,4,31.1
co-owning-ski-chalet-european-alps-smart-buyers-guide,The Smart Buyer's Guide to Co-Owning a Ski Chalet in the European Alps,AI & Technology,107,6,5.6,5,30.6
british-buyers-co-ownership-european-second-homes-guide,Why British Buyers Are Choosing Co-Ownership for Luxury European Second Homes,Co-Ownership Basics,109,6,5.5,5,30.5
napa-valley-wine-country-estates-fractional-ownership-guide-2026,Napa Valley Wine Country Estates: A Fractional Ownership Guide [2026],Properties & Destinations,105,0,0.0,6,30.0
co-ownership-spain-exclusive-property-hotspots-2026,How Co-Ownership Is Unlocking Spain's Most Exclusive Property Hotspots in 2026,Co-Ownership Basics,123,11,8.9,4,28.9
holiday-home-cost-per-night-utilisation-problem,Why Your Holiday Home Costs More Per Night Than a Five-Star Hotel,Co-Ownership Basics,115,10,8.7,4,28.7
lake-tahoe-co-ownership-dual-season-property-investment-2026,Lake Tahoe Co-Ownership: The Dual-Season Property Market Smart Buyers Are Targeting in 2026,Co-Ownership Basics,112,4,3.6,5,28.6
menorca-co-ownership-property-investment-balearic-islands-2026,Why Menorca Is the Balearic Islands' Smartest Co-Ownership Investment in 2026,Properties & Destinations,115,4,3.5,5,28.5
holiday-home-boom-fractional-ownership-smartest-property-investment-2026,The $87 Billion Holiday Home Boom: Why Fractional Ownership Is the Smartest Property Investment Stra,Market Insights,127,10,7.9,4,27.9
spain-property-buyer-tax-rules-foreigners-2026,"How to Buy Property in Spain as a Foreigner: Tax, NIE and Legal Rules for 2026",Properties & Destinations,129,3,2.3,5,27.3
barcelona-modernista-apartment-co-ownership-guide,Barcelona's Modernista Apartments: Why Co-Ownership Is Unlocking Europe's Most Iconic Architecture,Properties & Destinations,106,2,1.9,5,26.9
co-ownership-buying-process-timeline-six-weeks-guide,From Enquiry to Keys in 6 Weeks: How the Co-Ownership Buying Process Actually Works,Co-Ownership Basics,118,2,1.7,5,26.7
multi-generational-holidays-co-ownership-homes-family-gatherings,Multi-Generational Holidays: Why Co-Ownership Homes Are the Perfect Setting for Family Gatherings,Co-Ownership Basics,136,9,6.6,4,26.6
wealthy-buyers-choosing-co-ownership-over-second-homes-2026,Why Wealthy Buyers Are Choosing Co-Ownership Over Full Second Homes in 2026,Market Insights,107,12,11.2,3,26.2
languedoc-coast-co-ownership-property-france-best-value,Languedoc Coast: Why Smart Co-Ownership Buyers Are Choosing France's Best-Value Mediterranean,Properties & Destinations,97,6,6.2,4,26.2
sotogrande-lifestyle-polo-golf-marina-community-guide,"Inside Sotogrande: Europe's Polo Capital Where Golf, Marina Life and Luxury Converge",Properties & Destinations,89,1,1.1,5,26.1
cannes-co-ownership-property-french-riviera-hottest-market-2026,Why Cannes Is the Hottest Co-Ownership Market on the French Riviera in 2026,Co-Ownership Basics,109,12,11.0,3,26.0
alpine-property-summer-winter-year-round-investment-value,Why Year-Round Alpine Properties Are Outperforming Winter-Only Ski Homes in 2026,Co-Ownership Basics,114,1,0.9,5,25.9
balearic-islands-rental-law-tourist-licence-rules-2026,Balearic Islands Rental Law Changes in 2026: What Property Owners and Buyers Need to Know,Legal & Finance,115,1,0.9,5,25.9
buy-property-formentera-co-ownership-guide,How to Buy Property in Formentera: The Co-Ownership Strategy for Europe's Scarcest Island Market,Market Insights,124,7,5.6,4,25.6
ibiza-gated-community-co-ownership-luxury-villa-enclaves,Ibiza's Gated Communities: Why Smart Buyers Are Co-Owning in the Island's Most Exclusive Enclaves,Properties & Destinations,97,5,5.2,4,25.2
menorca-co-ownership-property-investment-guide-2026,Why Menorca Is the Smartest Co-Ownership Island Investment in 2026,Properties & Destinations,97,4,4.1,4,24.1
ibiza-marina-district-waterfront-co-ownership-property-2026,Ibiza Marina District: Why Waterfront Co-Ownership Is the Island's Smartest Property Move in 2026,Properties & Destinations,107,4,3.7,4,23.7
mallorca-co-ownership-property-market-buying-guide-2026,Why Mallorca Is the Mediterranean's Fastest-Growing Co-Ownership Property Market in 2026,Properties & Destinations,116,4,3.4,4,23.4
co-ownership-property-due-diligence-checklist-smart-buyers-2026,The Smart Buyer's Due Diligence Checklist for Co-Ownership Property in 2026,Co-Ownership Basics,120,4,3.3,4,23.3
menorca-slow-luxury-co-ownership-property-guide,Menorca's Slow Luxury Revolution: Why Smart Buyers Are Co-Owning on the Balearics' Best-Kept Secret,Properties & Destinations,104,8,7.7,3,22.7
costa-brava-gastronomy-capital-co-ownership-property-guide,Costa Brava: How Europe's Gastronomy Capital Became the Smartest Co-Ownership Destination in 2026,Properties & Destinations,93,7,7.5,3,22.5
beach-mountain-or-city-how-to-choose-the-right-co-ownership-property-for-your-lifestyle,"Beach, Mountain, or City: How to Choose the Right Co-Ownership Property for Your Lifestyle",Properties & Destinations,126,3,2.4,4,22.4
sell-holiday-home-keep-share-co-ownership-exit-strategy,Sell Your Holiday Home and Keep a Share: The Co-Ownership Exit Strategy Explained,Co-Ownership Basics,121,2,1.7,4,21.7
estepona-vs-marbella-property-market-comparison-2026,Estepona vs Marbella in 2026: Which Micro-Market Wins for Co-Ownership Buyers?,Properties & Destinations,102,1,1.0,4,21.0
santa-eularia-ibiza-co-ownership-property-family-coast-2026,Santa Eulària del Río: Why Ibiza's Family-Friendly Coast Is a Co-Ownership Hotspot in 2026,Co-Ownership Basics,109,6,5.5,3,20.5
menorca-unesco-co-ownership-property-investment-guide,Why Menorca's UNESCO Protection Makes It the Mediterranean's Smartest Co-Ownership Destination,Properties & Destinations,116,6,5.2,3,20.2
construction-technology-reshaping-luxury-property-2026,How Construction Technology Is Reshaping Luxury Property in 2026,AI & Technology,96,0,0.0,4,20.0
spain-2030-energy-law-green-co-ownership-property-guide,Spain's 2030 Energy Law: Why Smart Buyers Are Choosing Green Co-Ownership Properties Now,Properties & Destinations,113,0,0.0,4,20.0
la-plagne-paradiski-family-ski-resort-guide-2026,La Plagne and Paradiski: The Ultimate Family Ski Resort Guide for 2026,Properties & Destinations,101,0,0.0,4,20.0
property-taxes-co-ownership-homes-country-guide-2026,Property Taxes on Co-Ownership Homes: The Country-by-Country Guide Every Buyer Needs in 2026,Legal & Finance,108,0,0.0,4,20.0
courchevel-moriond-co-ownership-three-valleys-guide,Courchevel Moriond: The Smart Buyer's Guide to Co-Owning in the Three Valleys,Co-Ownership Basics,113,5,4.4,3,19.4
alpe-dhuez-property-co-ownership-guide-2026,"Alpe d'Huez Property Guide 2026: Tour de France, €350M Upgrades and Year-Round Co-Ownership Appeal",Properties & Destinations,113,4,3.5,3,18.5
buy-ski-property-austria-rules-co-ownership-guide,"How to Buy a Ski Property in Austria: Rules, Restrictions, and the Co-Ownership Shortcut",Properties & Destinations,116,4,3.4,3,18.4
timeshare-owners-switching-co-ownership-property-2026,Why Timeshare Owners Are Switching to Co-Ownership in 2026,Legal & Finance,116,4,3.4,3,18.4
holiday-rentals-to-fractional-ownership-why-families-switching-2026,From Holiday Rentals to Fractional Ownership: Why More Families Are Making the Switch in 2026,Co-Ownership Basics,110,9,8.2,2,18.2
menorca-co-ownership-property-unesco-biosphere-investment-guide,Why Menorca's UNESCO Protection Makes It the Smartest Co-Ownership Investment in the Mediterranean,Properties & Destinations,92,7,7.6,2,17.6
samoens-grand-massif-co-ownership-chalet-guide-2026,Samoëns & Grand Massif: The Smart Buyer's Guide to Co-Owning a French Alps Chalet,Co-Ownership Basics,111,2,1.8,3,16.8
european-co-ownership-property-market-intelligence-q2-2026-outlook,European Co-Ownership Property Market Intelligence: Q2 2026 Outlook,Market Insights,131,0,0.0,3,15.0
luxury-kitchen-co-ownership-property-value,Why the Kitchen Is the Most Important Room in a Co-Ownership Property,Market Insights,102,0,0.0,3,15.0
ultra-luxury-ski-chalet-design-trends-2026,"Ultra-Luxury Ski Chalet Design Trends in 2026: Smart Homes, Sustainable Materials & Alpine Style",Properties & Destinations,107,0,0.0,3,15.0
fractional-ownership-aspen-luxury-alternative-35-million,"Aspen Luxury Real Estate Market Trends 2026: Price Shifts, Inventory Squeeze & What Buyers Need to K",Properties & Destinations,95,0,0.0,3,15.0
ibiza-wellness-retreat-yoga-spiritual-lifestyle-guide,"Ibiza's Wellness Revolution: A Guide to Yoga, Sound Healing, and Spiritual Retreat Living",Properties & Destinations,107,0,0.0,3,15.0
fractional-ownership-french-alps,"Best Alpine Ski Resorts Compared: Snow, Season & Nightlife Guide 2026",Properties & Destinations,124,0,0.0,3,15.0
france-property-tax-co-owners-rental-income-capital-gains-2026,"France Property Tax for Co-Owners in 2026: Rental Income, Capital Gains and What Has Changed",Legal & Finance,108,0,0.0,3,15.0
the-advantages-of-buying-a-home-through-a-fractional-ownersh,The Advantages of Buying a Home Through a fractional Ownership Platform,Co-Ownership Basics,43,0,0.0,3,15.0
the-2026-luxury-second-home-market-data-every-smart-buyer-needs-to-know,The 2026 Luxury Second Home Market: Data Every Smart Buyer Needs to Know,Market Insights,136,5,3.7,2,13.7
europe-inheritance-tax-breaks-co-ownership-pass-property-children,Europe's Hidden Inheritance Tax Breaks That Make Co-Ownership the Smartest Way to Pass Property to Y,Legal & Finance,112,3,2.7,2,12.7
gen-z-fractional-ownership-second-home-2026,From Airbnb to Co-Ownership: Why Gen Z Is Rewriting the Rules of Second-Home Living in 2026,Market Insights,124,3,2.4,2,12.4
costa-brava-property-prices-town-comparison-co-ownership-2026,Costa Brava Property Prices in 2026: Town-by-Town Breakdown for Co-Ownership Buyers,Properties & Destinations,113,2,1.8,2,11.8
co-ownership-property-share-resale-value-appreciation-2026,How Co-Ownership Property Shares Build Real Equity — And Why Resale Values Are Rising in 2026,Co-Ownership Basics,123,2,1.6,2,11.6
lake-como-property-prices-co-ownership-smart-buyers-2026,Lake Como Property Prices Have Surged 17% — Why Smart Buyers Are Choosing Co-Ownership in 2026,Co-Ownership Basics,98,6,6.1,1,11.1
pied-a-terre-lifestyle-remote-work-city-second-home-2026,The Modern Pied-à-Terre: How Remote Work Is Redefining the City Second Home,Co-Ownership Basics,103,1,1.0,2,11.0
inherited-holiday-home-trap-family-co-ownership-solution,The Inherited Holiday Home Trap: Why Smart Families Are Switching to Co-Ownership,Legal & Finance,121,1,0.8,2,10.8
prime-real-estate-running-out-smart-buyers-co-ownership-2026,Why Prime Real Estate Is Running Out — And How Smart Buyers Are Still Getting In,AI & Technology,124,7,5.6,1,10.6
the-llc-advantage-how-co-ownership-property-structures-are-built-for-tax-efficient-wealth-planning-in-2026,The LLC Advantage: How Co-Ownership Property Structures Are Built for Tax-Efficient Wealth Planning ,Legal & Finance,117,0,0.0,2,10.0
capital-gains-tax-on-fractional-property-a-complete-guide-for-co-owners-in-2026,Capital Gains Tax on Fractional Property: A Complete Guide for Co-Owners in 2026,Legal & Finance,92,0,0.0,2,10.0
splitting-property-portfolio-across-three-countries,Why Savvy Investors Are Splitting Their Property Portfolio Across Three Countries,Market Insights,103,0,0.0,2,10.0
france-sci-property-structure-foreign-buyers-guide-2026,France SCI Property Structure: The Complete Guide for Foreign Buyers in 2026,Properties & Destinations,113,0,0.0,2,10.0
alpe-dhuez-and-a-fractional-ownership-apartment-in-the-centre-of-the-resort,"Alpe d’Huez Resort Guide: Summer & Winter Activities, Dining & Everything You Need to Know",Properties & Destinations,112,0,0.0,2,10.0
proptech-co-ownership-second-home-smart-property-technology,How PropTech Is Making Co-Ownership the Smartest Way to Own a Second Home,Co-Ownership Basics,114,0,0.0,2,10.0
energy-efficient-passive-house-co-ownership-luxury-property,Energy-Efficient Luxury Homes: Why Passive House Design Is Driving the Co-Ownership Revolution,Market Insights,111,0,0.0,2,10.0
co-ownership-case-study-second-home-lifestyle-transformation-robin,From Second Home Stress to Luxury Living: Robin's Co-Ownership Transformation,Co-Ownership Basics,151,6,4.0,1,9.0
how-to-choose-the-right-co-ownership-property-in-2026-the-complete-buyers-guide,How to Choose the Right Co-Ownership Property in 2026: The Complete Buyer's Guide,Properties & Destinations,141,4,2.8,1,7.8
how-to-sell-co-ownership-property-share-resale-exit-guide,How to Sell Your Co-Ownership Property Share: The Complete Resale and Exit Guide for 2026,Co-Ownership Basics,123,1,0.8,1,5.8
selling-co-ownership-share-exit-strategy-guide,Selling Your Co-Ownership Share: The Complete Exit Strategy Guide,Co-Ownership Basics,125,1,0.8,1,5.8
ai-powered-property-management-co-ownership-effortless-2026,How AI-Powered Property Management Is Making Co-Ownership Effortless in 2026,AI & Technology,82,0,0.0,1,5.0
inheritance-estate-planning-for-fractional-property-owners-the-complete-2026-guide,Inheritance & Estate Planning for Fractional Property Owners: The Complete 2026 Guide,Legal & Finance,113,0,0.0,1,5.0
humanoid-robot-assistants-luxury-second-home-management,Humanoid Robot Assistants: Transforming Luxury Second Home Management,AI & Technology,73,0,0.0,1,5.0
the-wealth-equation-how-fractional-ownership-turns-holiday-home-costs-into-a-tax-efficient-investment,The Wealth Equation: How Fractional Ownership Turns Holiday Home Costs Into a Tax-Efficient Investme,Legal & Finance,119,3,2.5,0,2.5
the-carbon-footprint-case-for-co-ownership-why-sharing-a-luxury-holiday-home-is-the-most-sustainable-way-to-own-a-second-property-in-2026,The Carbon Footprint Case for Co-Ownership: Why Sharing a Luxury Holiday Home Is the Most Sustainabl,AI & Technology,99,1,1.0,0,1.0
digital-twin-technology-in-luxury-co-ownership-how-virtual-property-replicas-are-reshaping-holiday-home-management-in-2026,Digital Twin Technology in Luxury Co-Ownership: How Virtual Property Replicas Are Reshaping Holiday ,AI & Technology,106,1,0.9,0,0.9